,Biomass,Fossil Gas,Fossil Gas,Fossil Hard coal,Fossil Hard coal,Hydro Pumped Storage,Hydro Pumped Storage,Hydro Run-of-river and poundage,Hydro Run-of-river and poundage,Hydro Water Reservoir,Hydro Water Reservoir,Other,Solar,Wind Offshore,Wind Onshore,country_code,data_source,data_type,fetch_timestamp
,Actual Aggregated,Actual Aggregated,Actual Consumption,Actual Aggregated,Actual Consumption,Actual Aggregated,Actual Consumption,Actual Aggregated,Actual Consumption,Actual Aggregated,Actual Consumption,Actual Aggregated,Actual Aggregated,Actual Aggregated,Actual Aggregated,,,,
2025-08-09 23:00:00+01:00,360.0,957.0,5.0,0.0,0.0,582.0,30.0,648.0,1.0,74.0,1.0,31.0,0.0,0.0,630.0,PT,ENTSO-E,generation,2025-08-22 11:17:20.436537
2025-08-10 00:00:00+01:00,358.0,951.0,4.0,0.0,0.0,368.0,3.0,640.0,1.0,7.0,1.0,31.0,0.0,0.0,500.0,PT,ENTSO-E,generation,2025-08-22 11:17:20.436537
2025-08-10 01:00:00+01:00,354.0,947.0,4.0,0.0,0.0,34.0,34.0,649.0,1.0,8.0,1.0,30.0,0.0,0.0,435.0,PT,ENTSO-E,generation,2025-08-22 11:17:20.436537
2025-08-10 02:00:00+01:00,351.0,956.0,4.0,0.0,0.0,0.0,4.0,609.0,1.0,7.0,1.0,30.0,0.0,0.0,407.0,PT,ENTSO-E,generation,2025-08-22 11:17:20.436537
2025-08-10 03:00:00+01:00,350.0,925.0,4.0,0.0,0.0,50.0,3.0,678.0,1.0,5.0,1.0,31.0,0.0,0.0,399.0,PT,ENTSO-E,generation,2025-08-22 11:17:20.436537
2025-08-10 04:00:00+01:00,349.0,968.0,4.0,0.0,0.0,30.0,3.0,623.0,1.0,5.0,1.0,30.0,0.0,0.0,438.0,PT,ENTSO-E,generation,2025-08-22 11:17:20.436537
2025-08-10 05:00:00+01:00,351.0,988.0,5.0,0.0,0.0,34.0,4.0,695.0,1.0,5.0,1.0,30.0,0.0,2.0,509.0,PT,ENTSO-E,generation,2025-08-22 11:17:20.436537
2025-08-10 06:00:00+01:00,354.0,958.0,4.0,0.0,0.0,280.0,18.0,679.0,2.0,5.0,1.0,30.0,4.0,10.0,676.0,PT,ENTSO-E,generation,2025-08-22 11:17:20.436537
2025-08-10 07:00:00+01:00,361.0,949.0,4.0,0.0,0.0,19.0,958.0,369.0,2.0,5.0,1.0,31.0,219.0,10.0,735.0,PT,ENTSO-E,generation,2025-08-22 11:17:20.436537
2025-08-10 08:00:00+01:00,360.0,1043.0,5.0,0.0,0.0,0.0,1684.0,112.0,2.0,14.0,1.0,30.0,806.0,11.0,702.0,PT,ENTSO-E,generation,2025-08-22 11:17:20.436537
2025-08-10 09:00:00+01:00,357.0,988.0,5.0,0.0,0.0,0.0,1980.0,15.0,2.0,15.0,1.0,29.0,1392.0,10.0,657.0,PT,ENTSO-E,generation,2025-08-22 11:17:20.436537
2025-08-10 10:00:00+01:00,359.0,1035.0,4.0,0.0,0.0,0.0,2062.0,15.0,2.0,15.0,1.0,29.0,1813.0,7.0,626.0,PT,ENTSO-E,generation,2025-08-22 11:17:20.436537
2025-08-10 11:00:00+01:00,354.0,1034.0,4.0,0.0,0.0,0.0,2191.0,15.0,2.0,13.0,1.0,29.0,2214.0,5.0,696.0,PT,ENTSO-E,generation,2025-08-22 11:17:20.436537
2025-08-10 12:00:00+01:00,350.0,1044.0,4.0,0.0,0.0,0.0,2192.0,10.0,2.0,5.0,1.0,30.0,2301.0,2.0,825.0,PT,ENTSO-E,generation,2025-08-22 11:17:20.436537
2025-08-10 13:00:00+01:00,341.0,967.0,4.0,0.0,0.0,0.0,2441.0,40.0,2.0,5.0,1.0,29.0,2446.0,0.0,870.0,PT,ENTSO-E,generation,2025-08-22 11:17:20.436537
2025-08-10 14:00:00+01:00,340.0,986.0,4.0,0.0,0.0,0.0,2375.0,64.0,2.0,5.0,1.0,29.0,2427.0,0.0,856.0,PT,ENTSO-E,generation,2025-08-22 11:17:20.436537
2025-08-10 15:00:00+01:00,334.0,955.0,4.0,0.0,0.0,0.0,2224.0,86.0,2.0,5.0,1.0,29.0,2276.0,0.0,944.0,PT,ENTSO-E,generation,2025-08-22 11:17:20.436537
2025-08-10 16:00:00+01:00,331.0,966.0,4.0,0.0,0.0,0.0,1797.0,59.0,2.0,5.0,1.0,30.0,2258.0,0.0,1053.0,PT,ENTSO-E,generation,2025-08-22 11:17:20.436537
2025-08-10 17:00:00+01:00,334.0,1116.0,4.0,0.0,0.0,38.0,1474.0,66.0,2.0,16.0,1.0,30.0,2004.0,0.0,1002.0,PT,ENTSO-E,generation,2025-08-22 11:17:20.436537
2025-08-10 18:00:00+01:00,311.0,948.0,4.0,0.0,0.0,461.0,288.0,207.0,2.0,51.0,1.0,29.0,1171.0,0.0,828.0,PT,ENTSO-E,generation,2025-08-22 11:17:20.436537
2025-08-10 19:00:00+01:00,299.0,1000.0,4.0,0.0,0.0,1811.0,1.0,468.0,1.0,130.0,1.0,29.0,368.0,0.0,613.0,PT,ENTSO-E,generation,2025-08-22 11:17:20.436537
2025-08-10 20:00:00+01:00,299.0,1050.0,4.0,0.0,0.0,2546.0,1.0,1290.0,1.0,283.0,1.0,30.0,25.0,0.0,572.0,PT,ENTSO-E,generation,2025-08-22 11:17:20.436537
2025-08-10 21:00:00+01:00,297.0,1056.0,4.0,0.0,0.0,2248.0,1.0,1293.0,1.0,412.0,1.0,29.0,2.0,1.0,616.0,PT,ENTSO-E,generation,2025-08-22 11:17:20.436537
2025-08-10 22:00:00+01:00,300.0,967.0,5.0,0.0,0.0,1837.0,1.0,893.0,1.0,374.0,1.0,30.0,0.0,2.0,726.0,PT,ENTSO-E,generation,2025-08-22 11:17:20.436537
2025-08-10 23:00:00+01:00,293.0,982.0,4.0,0.0,0.0,1397.0,2.0,987.0,1.0,83.0,1.0,30.0,0.0,0.0,806.0,PT,ENTSO-E,generation,2025-08-22 11:17:20.436537
2025-08-11 00:00:00+01:00,339.0,1056.0,4.0,0.0,0.0,973.0,3.0,858.0,1.0,69.0,1.0,30.0,0.0,0.0,721.0,PT,ENTSO-E,generation,2025-08-22 11:17:20.436537
2025-08-11 01:00:00+01:00,344.0,951.0,4.0,0.0,0.0,901.0,2.0,759.0,1.0,69.0,1.0,30.0,0.0,0.0,512.0,PT,ENTSO-E,generation,2025-08-22 11:17:20.436537
2025-08-11 02:00:00+01:00,347.0,975.0,4.0,0.0,0.0,509.0,5.0,523.0,1.0,5.0,1.0,30.0,0.0,1.0,464.0,PT,ENTSO-E,generation,2025-08-22 11:17:20.436537
2025-08-11 03:00:00+01:00,327.0,1005.0,4.0,0.0,0.0,520.0,4.0,597.0,1.0,5.0,1.0,30.0,0.0,0.0,441.0,PT,ENTSO-E,generation,2025-08-22 11:17:20.436537
2025-08-11 04:00:00+01:00,335.0,1007.0,4.0,0.0,0.0,623.0,3.0,855.0,1.0,5.0,1.0,31.0,0.0,0.0,301.0,PT,ENTSO-E,generation,2025-08-22 11:17:20.436537
2025-08-11 05:00:00+01:00,340.0,970.0,4.0,0.0,0.0,805.0,2.0,1231.0,0.0,5.0,1.0,30.0,0.0,0.0,297.0,PT,ENTSO-E,generation,2025-08-22 11:17:20.436537
2025-08-11 06:00:00+01:00,342.0,941.0,4.0,0.0,0.0,1657.0,1.0,1197.0,0.0,5.0,1.0,31.0,4.0,0.0,289.0,PT,ENTSO-E,generation,2025-08-22 11:17:20.436537
2025-08-11 07:00:00+01:00,345.0,936.0,4.0,0.0,0.0,1298.0,2.0,387.0,1.0,5.0,1.0,31.0,223.0,0.0,277.0,PT,ENTSO-E,generation,2025-08-22 11:17:20.436537
2025-08-11 08:00:00+01:00,346.0,987.0,5.0,0.0,0.0,142.0,421.0,198.0,2.0,14.0,1.0,30.0,905.0,0.0,243.0,PT,ENTSO-E,generation,2025-08-22 11:17:20.436537
2025-08-11 09:00:00+01:00,345.0,1002.0,5.0,0.0,0.0,100.0,1248.0,285.0,2.0,20.0,1.0,31.0,1744.0,0.0,224.0,PT,ENTSO-E,generation,2025-08-22 11:17:20.436537
2025-08-11 10:00:00+01:00,340.0,1024.0,4.0,0.0,0.0,0.0,1482.0,79.0,2.0,25.0,1.0,31.0,2374.0,0.0,247.0,PT,ENTSO-E,generation,2025-08-22 11:17:20.436537
2025-08-11 11:00:00+01:00,331.0,1079.0,4.0,0.0,0.0,0.0,1656.0,23.0,2.0,16.0,1.0,30.0,2689.0,0.0,200.0,PT,ENTSO-E,generation,2025-08-22 11:17:20.436537
2025-08-11 12:00:00+01:00,328.0,1063.0,4.0,0.0,0.0,0.0,1527.0,18.0,2.0,10.0,1.0,30.0,2823.0,0.0,155.0,PT,ENTSO-E,generation,2025-08-22 11:17:20.436537
2025-08-11 13:00:00+01:00,335.0,1042.0,5.0,0.0,0.0,52.0,952.0,192.0,2.0,5.0,1.0,30.0,2847.0,0.0,151.0,PT,ENTSO-E,generation,2025-08-22 11:17:20.436537
2025-08-11 14:00:00+01:00,336.0,1055.0,6.0,0.0,0.0,10.0,1336.0,42.0,2.0,5.0,1.0,30.0,2800.0,0.0,184.0,PT,ENTSO-E,generation,2025-08-22 11:17:20.436537
2025-08-11 15:00:00+01:00,333.0,1030.0,7.0,0.0,0.0,227.0,972.0,210.0,2.0,7.0,1.0,30.0,2770.0,0.0,198.0,PT,ENTSO-E,generation,2025-08-22 11:17:20.436537
2025-08-11 16:00:00+01:00,327.0,1009.0,10.0,0.0,0.0,94.0,901.0,302.0,2.0,67.0,1.0,29.0,2422.0,0.0,225.0,PT,ENTSO-E,generation,2025-08-22 11:17:20.436537
2025-08-11 17:00:00+01:00,332.0,1055.0,4.0,0.0,0.0,259.0,5.0,217.0,2.0,128.0,1.0,30.0,1876.0,7.0,255.0,PT,ENTSO-E,generation,2025-08-22 11:17:20.436537
2025-08-11 18:00:00+01:00,334.0,1210.0,4.0,0.0,0.0,1556.0,2.0,897.0,1.0,356.0,1.0,30.0,1094.0,4.0,267.0,PT,ENTSO-E,generation,2025-08-22 11:17:20.436537
2025-08-11 19:00:00+01:00,322.0,1259.0,4.0,0.0,0.0,2367.0,1.0,1087.0,1.0,805.0,1.0,29.0,334.0,5.0,186.0,PT,ENTSO-E,generation,2025-08-22 11:17:20.436537
2025-08-11 20:00:00+01:00,319.0,1207.0,4.0,0.0,0.0,2338.0,1.0,1610.0,1.0,1036.0,1.0,30.0,22.0,11.0,188.0,PT,ENTSO-E,generation,2025-08-22 11:17:20.436537
2025-08-11 21:00:00+01:00,326.0,1219.0,4.0,0.0,0.0,2081.0,1.0,1609.0,1.0,526.0,1.0,31.0,15.0,13.0,190.0,PT,ENTSO-E,generation,2025-08-22 11:17:20.436537
2025-08-11 22:00:00+01:00,330.0,1151.0,3.0,0.0,0.0,1490.0,1.0,1375.0,1.0,294.0,1.0,30.0,0.0,11.0,204.0,PT,ENTSO-E,generation,2025-08-22 11:17:20.436537
2025-08-11 23:00:00+01:00,336.0,1054.0,7.0,0.0,0.0,1544.0,1.0,958.0,1.0,311.0,1.0,30.0,0.0,12.0,228.0,PT,ENTSO-E,generation,2025-08-22 11:17:20.436537
2025-08-12 00:00:00+01:00,343.0,969.0,8.0,0.0,0.0,1010.0,2.0,751.0,1.0,56.0,1.0,30.0,0.0,10.0,260.0,PT,ENTSO-E,generation,2025-08-22 11:17:20.436537
2025-08-12 01:00:00+01:00,330.0,1021.0,5.0,0.0,0.0,1220.0,2.0,797.0,1.0,112.0,1.0,30.0,0.0,7.0,288.0,PT,ENTSO-E,generation,2025-08-22 11:17:20.436537
2025-08-12 02:00:00+01:00,310.0,1010.0,5.0,0.0,0.0,1188.0,2.0,696.0,1.0,176.0,1.0,29.0,0.0,4.0,394.0,PT,ENTSO-E,generation,2025-08-22 11:17:20.436537
2025-08-12 03:00:00+01:00,322.0,962.0,5.0,0.0,0.0,1169.0,2.0,781.0,1.0,261.0,1.0,29.0,0.0,3.0,529.0,PT,ENTSO-E,generation,2025-08-22 11:17:20.436537
2025-08-12 04:00:00+01:00,341.0,1001.0,5.0,0.0,0.0,1167.0,3.0,852.0,1.0,343.0,1.0,30.0,0.0,1.0,665.0,PT,ENTSO-E,generation,2025-08-22 11:17:20.436537
2025-08-12 05:00:00+01:00,341.0,890.0,4.0,0.0,0.0,1011.0,2.0,877.0,1.0,361.0,1.0,29.0,0.0,1.0,753.0,PT,ENTSO-E,generation,2025-08-22 11:17:20.436537
2025-08-12 06:00:00+01:00,344.0,1085.0,4.0,0.0,0.0,1609.0,2.0,936.0,1.0,565.0,1.0,29.0,3.0,0.0,841.0,PT,ENTSO-E,generation,2025-08-22 11:17:20.436537
2025-08-12 07:00:00+01:00,339.0,984.0,4.0,0.0,0.0,927.0,128.0,532.0,2.0,253.0,1.0,19.0,178.0,0.0,897.0,PT,ENTSO-E,generation,2025-08-22 11:17:20.436537
2025-08-12 08:00:00+01:00,357.0,1062.0,5.0,0.0,0.0,338.0,3.0,474.0,2.0,129.0,1.0,30.0,718.0,0.0,861.0,PT,ENTSO-E,generation,2025-08-22 11:17:20.436537
2025-08-12 09:00:00+01:00,347.0,1018.0,5.0,0.0,0.0,435.0,341.0,435.0,2.0,14.0,1.0,31.0,1330.0,0.0,721.0,PT,ENTSO-E,generation,2025-08-22 11:17:20.436537
2025-08-12 10:00:00+01:00,347.0,1109.0,5.0,0.0,0.0,129.0,1186.0,440.0,2.0,122.0,1.0,30.0,1810.0,0.0,584.0,PT,ENTSO-E,generation,2025-08-22 11:17:20.436537
2025-08-12 11:00:00+01:00,345.0,1156.0,6.0,0.0,0.0,0.0,1384.0,146.0,2.0,33.0,1.0,30.0,2236.0,0.0,531.0,PT,ENTSO-E,generation,2025-08-22 11:17:20.436537
2025-08-12 12:00:00+01:00,335.0,1076.0,6.0,0.0,0.0,55.0,1173.0,109.0,2.0,72.0,1.0,30.0,2408.0,0.0,752.0,PT,ENTSO-E,generation,2025-08-22 11:17:20.436537
2025-08-12 13:00:00+01:00,329.0,1181.0,9.0,0.0,0.0,0.0,1099.0,81.0,2.0,111.0,1.0,30.0,2308.0,0.0,817.0,PT,ENTSO-E,generation,2025-08-22 11:17:20.436537
2025-08-12 14:00:00+01:00,343.0,1121.0,7.0,0.0,0.0,0.0,1186.0,71.0,2.0,96.0,1.0,31.0,2219.0,0.0,1103.0,PT,ENTSO-E,generation,2025-08-22 11:17:20.436537
2025-08-12 15:00:00+01:00,348.0,1228.0,8.0,0.0,0.0,50.0,1176.0,253.0,2.0,15.0,1.0,31.0,2200.0,1.0,1235.0,PT,ENTSO-E,generation,2025-08-22 11:17:20.436537
2025-08-12 16:00:00+01:00,346.0,1169.0,10.0,0.0,0.0,238.0,489.0,235.0,2.0,18.0,1.0,30.0,2006.0,1.0,1218.0,PT,ENTSO-E,generation,2025-08-22 11:17:20.436537
2025-08-12 17:00:00+01:00,352.0,1184.0,4.0,0.0,0.0,545.0,289.0,327.0,2.0,45.0,1.0,31.0,1590.0,2.0,1181.0,PT,ENTSO-E,generation,2025-08-22 11:17:20.436537
2025-08-12 18:00:00+01:00,352.0,1468.0,3.0,0.0,0.0,1359.0,193.0,792.0,1.0,142.0,1.0,31.0,906.0,5.0,1164.0,PT,ENTSO-E,generation,2025-08-22 11:17:20.436537
2025-08-12 19:00:00+01:00,349.0,1429.0,4.0,0.0,0.0,2209.0,1.0,1353.0,1.0,733.0,1.0,31.0,292.0,7.0,823.0,PT,ENTSO-E,generation,2025-08-22 11:17:20.436537
2025-08-12 20:00:00+01:00,345.0,1425.0,4.0,0.0,0.0,2101.0,1.0,1541.0,1.0,695.0,1.0,31.0,18.0,14.0,715.0,PT,ENTSO-E,generation,2025-08-22 11:17:20.436537
2025-08-12 21:00:00+01:00,346.0,1451.0,4.0,0.0,0.0,1919.0,1.0,1433.0,1.0,431.0,1.0,31.0,1.0,16.0,723.0,PT,ENTSO-E,generation,2025-08-22 11:17:20.436537
2025-08-12 22:00:00+01:00,309.0,1181.0,3.0,0.0,0.0,1077.0,153.0,846.0,1.0,209.0,1.0,29.0,0.0,16.0,1777.0,PT,ENTSO-E,generation,2025-08-22 11:17:20.436537
2025-08-12 23:00:00+01:00,310.0,1098.0,10.0,0.0,0.0,617.0,644.0,596.0,1.0,108.0,1.0,29.0,0.0,16.0,2659.0,PT,ENTSO-E,generation,2025-08-22 11:17:20.436537
2025-08-13 00:00:00+01:00,325.0,1024.0,9.0,0.0,0.0,593.0,501.0,673.0,1.0,553.0,1.0,29.0,0.0,12.0,2576.0,PT,ENTSO-E,generation,2025-08-22 11:17:20.436537
2025-08-13 01:00:00+01:00,340.0,1065.0,7.0,0.0,0.0,440.0,441.0,628.0,1.0,321.0,1.0,30.0,0.0,10.0,2130.0,PT,ENTSO-E,generation,2025-08-22 11:17:20.436537
2025-08-13 02:00:00+01:00,359.0,1003.0,5.0,0.0,0.0,413.0,134.0,660.0,1.0,300.0,1.0,31.0,0.0,12.0,1973.0,PT,ENTSO-E,generation,2025-08-22 11:17:20.436537
2025-08-13 03:00:00+01:00,353.0,1027.0,4.0,0.0,0.0,763.0,208.0,705.0,1.0,286.0,1.0,30.0,0.0,9.0,1633.0,PT,ENTSO-E,generation,2025-08-22 11:17:20.436537
2025-08-13 04:00:00+01:00,345.0,1001.0,5.0,0.0,0.0,576.0,121.0,860.0,1.0,281.0,1.0,28.0,0.0,7.0,1123.0,PT,ENTSO-E,generation,2025-08-22 11:17:20.436537
2025-08-13 05:00:00+01:00,349.0,968.0,5.0,0.0,0.0,424.0,112.0,1015.0,1.0,277.0,1.0,29.0,0.0,5.0,1132.0,PT,ENTSO-E,generation,2025-08-22 11:17:20.436537
2025-08-13 06:00:00+01:00,359.0,1046.0,5.0,0.0,0.0,583.0,3.0,1096.0,1.0,802.0,1.0,29.0,2.0,5.0,1142.0,PT,ENTSO-E,generation,2025-08-22 11:17:20.436537
2025-08-13 07:00:00+01:00,366.0,1024.0,5.0,0.0,0.0,980.0,170.0,972.0,1.0,533.0,1.0,31.0,192.0,6.0,1185.0,PT,ENTSO-E,generation,2025-08-22 11:17:20.436537
2025-08-13 08:00:00+01:00,368.0,1010.0,4.0,0.0,0.0,419.0,617.0,508.0,2.0,183.0,1.0,31.0,826.0,12.0,1107.0,PT,ENTSO-E,generation,2025-08-22 11:17:20.436537
2025-08-13 09:00:00+01:00,366.0,966.0,4.0,0.0,0.0,514.0,653.0,538.0,2.0,173.0,1.0,31.0,1576.0,17.0,969.0,PT,ENTSO-E,generation,2025-08-22 11:17:20.436537
2025-08-13 10:00:00+01:00,367.0,996.0,4.0,0.0,0.0,140.0,1176.0,370.0,2.0,34.0,1.0,31.0,2218.0,16.0,963.0,PT,ENTSO-E,generation,2025-08-22 11:17:20.436537
2025-08-13 11:00:00+01:00,367.0,1031.0,4.0,0.0,0.0,44.0,1321.0,375.0,2.0,4.0,0.0,31.0,2730.0,17.0,965.0,PT,ENTSO-E,generation,2025-08-22 11:17:20.436537
2025-08-13 12:00:00+01:00,350.0,1072.0,4.0,0.0,0.0,2.0,1208.0,333.0,2.0,4.0,1.0,30.0,3036.0,17.0,766.0,PT,ENTSO-E,generation,2025-08-22 11:17:20.436537
2025-08-13 13:00:00+01:00,361.0,1028.0,4.0,0.0,0.0,71.0,1103.0,236.0,2.0,16.0,0.0,31.0,3116.0,17.0,730.0,PT,ENTSO-E,generation,2025-08-22 11:17:20.436537
2025-08-13 14:00:00+01:00,356.0,1131.0,4.0,0.0,0.0,177.0,829.0,245.0,2.0,16.0,1.0,30.0,3048.0,17.0,668.0,PT,ENTSO-E,generation,2025-08-22 11:17:20.436537
2025-08-13 15:00:00+01:00,366.0,988.0,6.0,0.0,0.0,300.0,152.0,201.0,2.0,16.0,1.0,31.0,2839.0,17.0,662.0,PT,ENTSO-E,generation,2025-08-22 11:17:20.436537
2025-08-13 16:00:00+01:00,357.0,1002.0,8.0,0.0,0.0,441.0,86.0,253.0,2.0,16.0,1.0,30.0,2518.0,17.0,755.0,PT,ENTSO-E,generation,2025-08-22 11:17:20.436537
2025-08-13 17:00:00+01:00,354.0,1086.0,5.0,0.0,0.0,648.0,186.0,306.0,2.0,101.0,1.0,31.0,1952.0,17.0,834.0,PT,ENTSO-E,generation,2025-08-22 11:17:20.436537
2025-08-13 18:00:00+01:00,360.0,1004.0,9.0,0.0,0.0,1147.0,2.0,1150.0,1.0,406.0,1.0,31.0,1126.0,17.0,833.0,PT,ENTSO-E,generation,2025-08-22 11:17:20.436537
2025-08-13 19:00:00+01:00,363.0,1032.0,14.0,0.0,0.0,1952.0,1.0,1496.0,1.0,988.0,1.0,31.0,339.0,17.0,706.0,PT,ENTSO-E,generation,2025-08-22 11:17:20.436537
2025-08-13 20:00:00+01:00,364.0,1079.0,7.0,0.0,0.0,2081.0,1.0,1630.0,1.0,1091.0,1.0,31.0,20.0,17.0,646.0,PT,ENTSO-E,generation,2025-08-22 11:17:20.436537
2025-08-13 21:00:00+01:00,362.0,1188.0,6.0,0.0,0.0,1730.0,2.0,1674.0,1.0,657.0,1.0,31.0,1.0,17.0,548.0,PT,ENTSO-E,generation,2025-08-22 11:17:20.436537
2025-08-13 22:00:00+01:00,364.0,1162.0,6.0,0.0,0.0,736.0,2.0,1624.0,1.0,325.0,1.0,31.0,0.0,17.0,466.0,PT,ENTSO-E,generation,2025-08-22 11:17:20.436537
2025-08-13 23:00:00+01:00,355.0,1206.0,5.0,0.0,0.0,975.0,2.0,1080.0,1.0,607.0,1.0,31.0,0.0,17.0,353.0,PT,ENTSO-E,generation,2025-08-22 11:17:20.436537
2025-08-14 00:00:00+01:00,349.0,1073.0,9.0,0.0,0.0,498.0,3.0,1048.0,1.0,320.0,1.0,31.0,0.0,17.0,321.0,PT,ENTSO-E,generation,2025-08-22 11:17:20.436537
2025-08-14 01:00:00+01:00,346.0,1013.0,7.0,0.0,0.0,330.0,5.0,828.0,1.0,235.0,1.0,31.0,0.0,17.0,388.0,PT,ENTSO-E,generation,2025-08-22 11:17:20.436537
2025-08-14 02:00:00+01:00,354.0,1018.0,5.0,0.0,0.0,487.0,3.0,862.0,1.0,163.0,1.0,31.0,0.0,17.0,417.0,PT,ENTSO-E,generation,2025-08-22 11:17:20.436537
2025-08-14 03:00:00+01:00,352.0,1041.0,5.0,0.0,0.0,416.0,3.0,551.0,1.0,61.0,1.0,31.0,0.0,17.0,473.0,PT,ENTSO-E,generation,2025-08-22 11:17:20.436537
2025-08-14 04:00:00+01:00,344.0,973.0,5.0,0.0,0.0,483.0,2.0,447.0,2.0,60.0,1.0,31.0,0.0,12.0,631.0,PT,ENTSO-E,generation,2025-08-22 11:17:20.436537
2025-08-14 05:00:00+01:00,342.0,931.0,4.0,0.0,0.0,798.0,2.0,838.0,1.0,62.0,1.0,31.0,0.0,7.0,786.0,PT,ENTSO-E,generation,2025-08-22 11:17:20.436537
2025-08-14 06:00:00+01:00,343.0,995.0,4.0,0.0,0.0,856.0,2.0,916.0,1.0,58.0,1.0,31.0,2.0,5.0,875.0,PT,ENTSO-E,generation,2025-08-22 11:17:20.436537
2025-08-14 07:00:00+01:00,348.0,985.0,4.0,0.0,0.0,352.0,3.0,418.0,2.0,5.0,1.0,31.0,208.0,1.0,911.0,PT,ENTSO-E,generation,2025-08-22 11:17:20.436537
2025-08-14 08:00:00+01:00,354.0,928.0,5.0,0.0,0.0,265.0,355.0,360.0,2.0,20.0,1.0,31.0,926.0,0.0,819.0,PT,ENTSO-E,generation,2025-08-22 11:17:20.436537
2025-08-14 09:00:00+01:00,354.0,939.0,5.0,0.0,0.0,65.0,1071.0,255.0,2.0,21.0,1.0,31.0,1827.0,0.0,670.0,PT,ENTSO-E,generation,2025-08-22 11:17:20.436537
2025-08-14 10:00:00+01:00,354.0,989.0,5.0,0.0,0.0,18.0,1922.0,249.0,2.0,21.0,0.0,31.0,2464.0,0.0,604.0,PT,ENTSO-E,generation,2025-08-22 11:17:20.436537
2025-08-14 11:00:00+01:00,352.0,973.0,5.0,0.0,0.0,0.0,2001.0,209.0,2.0,5.0,1.0,31.0,2894.0,0.0,698.0,PT,ENTSO-E,generation,2025-08-22 11:17:20.436537
2025-08-14 12:00:00+01:00,363.0,989.0,4.0,0.0,0.0,0.0,2061.0,165.0,2.0,5.0,1.0,31.0,3119.0,0.0,884.0,PT,ENTSO-E,generation,2025-08-22 11:17:20.436537
2025-08-14 13:00:00+01:00,360.0,1015.0,5.0,0.0,0.0,0.0,2125.0,117.0,2.0,5.0,1.0,31.0,3172.0,0.0,960.0,PT,ENTSO-E,generation,2025-08-22 11:17:20.436537
2025-08-14 14:00:00+01:00,357.0,1031.0,4.0,0.0,0.0,14.0,2078.0,110.0,2.0,5.0,1.0,30.0,3127.0,0.0,1059.0,PT,ENTSO-E,generation,2025-08-22 11:17:20.436537
2025-08-14 15:00:00+01:00,358.0,1012.0,4.0,0.0,0.0,42.0,1510.0,135.0,2.0,20.0,1.0,30.0,2924.0,0.0,955.0,PT,ENTSO-E,generation,2025-08-22 11:17:20.436537
2025-08-14 16:00:00+01:00,355.0,965.0,5.0,0.0,0.0,164.0,452.0,178.0,2.0,66.0,1.0,30.0,2567.0,0.0,919.0,PT,ENTSO-E,generation,2025-08-22 11:17:20.436537
2025-08-14 17:00:00+01:00,347.0,921.0,5.0,0.0,0.0,557.0,4.0,242.0,2.0,62.0,1.0,30.0,2003.0,0.0,869.0,PT,ENTSO-E,generation,2025-08-22 11:17:20.436537
2025-08-14 18:00:00+01:00,347.0,963.0,5.0,0.0,0.0,1848.0,37.0,948.0,1.0,295.0,1.0,30.0,1173.0,0.0,736.0,PT,ENTSO-E,generation,2025-08-22 11:17:20.436537
2025-08-14 19:00:00+01:00,357.0,1007.0,4.0,0.0,0.0,2492.0,0.0,1355.0,1.0,820.0,1.0,30.0,344.0,0.0,525.0,PT,ENTSO-E,generation,2025-08-22 11:17:20.436537
2025-08-14 20:00:00+01:00,359.0,1038.0,5.0,0.0,0.0,2373.0,1.0,1441.0,0.0,937.0,1.0,30.0,19.0,0.0,372.0,PT,ENTSO-E,generation,2025-08-22 11:17:20.436537
2025-08-14 21:00:00+01:00,359.0,977.0,4.0,0.0,0.0,2175.0,1.0,1382.0,1.0,299.0,1.0,30.0,1.0,0.0,344.0,PT,ENTSO-E,generation,2025-08-22 11:17:20.436537
2025-08-14 22:00:00+01:00,347.0,1035.0,5.0,0.0,0.0,1764.0,1.0,1190.0,1.0,254.0,1.0,31.0,0.0,0.0,356.0,PT,ENTSO-E,generation,2025-08-22 11:17:20.436537
2025-08-14 23:00:00+01:00,359.0,1034.0,5.0,0.0,0.0,1215.0,1.0,938.0,1.0,367.0,1.0,31.0,0.0,0.0,408.0,PT,ENTSO-E,generation,2025-08-22 11:17:20.436537
2025-08-15 00:00:00+01:00,362.0,937.0,4.0,0.0,0.0,934.0,2.0,1008.0,1.0,285.0,1.0,31.0,0.0,0.0,607.0,PT,ENTSO-E,generation,2025-08-22 11:17:20.436537
2025-08-15 01:00:00+01:00,362.0,884.0,4.0,0.0,0.0,1008.0,2.0,631.0,1.0,156.0,1.0,31.0,0.0,0.0,840.0,PT,ENTSO-E,generation,2025-08-22 11:17:20.436537
2025-08-15 02:00:00+01:00,361.0,927.0,4.0,0.0,0.0,705.0,2.0,668.0,1.0,95.0,1.0,31.0,0.0,0.0,1070.0,PT,ENTSO-E,generation,2025-08-22 11:17:20.436537
2025-08-15 03:00:00+01:00,364.0,917.0,4.0,0.0,0.0,712.0,2.0,526.0,2.0,57.0,1.0,31.0,0.0,0.0,1219.0,PT,ENTSO-E,generation,2025-08-22 11:17:20.436537
2025-08-15 04:00:00+01:00,352.0,955.0,4.0,0.0,0.0,631.0,3.0,514.0,2.0,57.0,1.0,29.0,0.0,2.0,1446.0,PT,ENTSO-E,generation,2025-08-22 11:17:20.436537
2025-08-15 05:00:00+01:00,352.0,936.0,4.0,0.0,0.0,523.0,2.0,351.0,2.0,17.0,1.0,30.0,0.0,5.0,1692.0,PT,ENTSO-E,generation,2025-08-22 11:17:20.436537
2025-08-15 06:00:00+01:00,356.0,1009.0,4.0,0.0,0.0,424.0,3.0,306.0,2.0,5.0,1.0,30.0,2.0,4.0,1845.0,PT,ENTSO-E,generation,2025-08-22 11:17:20.436537
2025-08-15 07:00:00+01:00,357.0,980.0,4.0,0.0,0.0,67.0,1133.0,297.0,2.0,5.0,1.0,31.0,173.0,4.0,2112.0,PT,ENTSO-E,generation,2025-08-22 11:17:20.436537
2025-08-15 08:00:00+01:00,357.0,1056.0,5.0,0.0,0.0,31.0,1899.0,155.0,2.0,20.0,1.0,31.0,715.0,4.0,2056.0,PT,ENTSO-E,generation,2025-08-22 11:17:20.436537
2025-08-15 09:00:00+01:00,363.0,963.0,5.0,0.0,0.0,0.0,2078.0,33.0,2.0,38.0,1.0,31.0,1430.0,4.0,1982.0,PT,ENTSO-E,generation,2025-08-22 11:17:20.436537
2025-08-15 10:00:00+01:00,364.0,912.0,4.0,0.0,0.0,0.0,1976.0,39.0,2.0,21.0,1.0,31.0,1716.0,6.0,1969.0,PT,ENTSO-E,generation,2025-08-22 11:17:20.436537
2025-08-15 11:00:00+01:00,366.0,927.0,4.0,0.0,0.0,0.0,2245.0,69.0,2.0,7.0,1.0,32.0,2153.0,5.0,2101.0,PT,ENTSO-E,generation,2025-08-22 11:17:20.436537
2025-08-15 12:00:00+01:00,362.0,925.0,4.0,0.0,0.0,0.0,2318.0,53.0,2.0,5.0,1.0,31.0,2290.0,2.0,1899.0,PT,ENTSO-E,generation,2025-08-22 11:17:20.436537
2025-08-15 13:00:00+01:00,355.0,944.0,4.0,0.0,0.0,0.0,2272.0,57.0,2.0,5.0,1.0,31.0,2506.0,2.0,1626.0,PT,ENTSO-E,generation,2025-08-22 11:17:20.436537
2025-08-15 14:00:00+01:00,359.0,967.0,4.0,0.0,0.0,0.0,2115.0,25.0,2.0,5.0,1.0,31.0,2642.0,2.0,1401.0,PT,ENTSO-E,generation,2025-08-22 11:17:20.436537
2025-08-15 15:00:00+01:00,363.0,999.0,5.0,0.0,0.0,0.0,1999.0,71.0,2.0,5.0,1.0,31.0,2857.0,1.0,1246.0,PT,ENTSO-E,generation,2025-08-22 11:17:20.436537
2025-08-15 16:00:00+01:00,362.0,986.0,5.0,0.0,0.0,64.0,1800.0,107.0,2.0,5.0,1.0,31.0,2563.0,1.0,1106.0,PT,ENTSO-E,generation,2025-08-22 11:17:20.436537
2025-08-15 17:00:00+01:00,365.0,982.0,4.0,0.0,0.0,314.0,1133.0,42.0,2.0,5.0,1.0,31.0,2005.0,0.0,917.0,PT,ENTSO-E,generation,2025-08-22 11:17:20.436537
2025-08-15 18:00:00+01:00,363.0,1033.0,4.0,0.0,0.0,1051.0,3.0,128.0,2.0,5.0,1.0,31.0,1150.0,0.0,774.0,PT,ENTSO-E,generation,2025-08-22 11:17:20.436537
2025-08-15 19:00:00+01:00,366.0,1061.0,4.0,0.0,0.0,2464.0,1.0,1050.0,1.0,124.0,1.0,31.0,340.0,0.0,656.0,PT,ENTSO-E,generation,2025-08-22 11:17:20.436537
2025-08-15 20:00:00+01:00,369.0,1020.0,4.0,0.0,0.0,2738.0,0.0,989.0,1.0,824.0,1.0,31.0,19.0,0.0,665.0,PT,ENTSO-E,generation,2025-08-22 11:17:20.436537
2025-08-15 21:00:00+01:00,364.0,979.0,4.0,0.0,0.0,2555.0,0.0,1134.0,1.0,725.0,1.0,31.0,2.0,0.0,714.0,PT,ENTSO-E,generation,2025-08-22 11:17:20.436537
2025-08-15 22:00:00+01:00,367.0,1059.0,4.0,0.0,0.0,1894.0,1.0,1129.0,1.0,506.0,1.0,31.0,1.0,0.0,732.0,PT,ENTSO-E,generation,2025-08-22 11:17:20.436537
